{"fun": 557.9767178261209, "success": true, "nfev": 1085, "minimizer": "iminuit", "clock": 52.529596989999845, "wall": 52.52960014343262, "x": [0.08542382264817823, 0.002470832129868821, -0.017313049033734845, -0.08610380146413808, -0.08610917032710642, -0.08331823101149002, -0.10829005247132777, -0.06330752765504381, -0.10254175693417893, -0.05674113532846812, -0.06455244431667569, -0.06678785546636602, -0.05483791377588346, 0.011417258710802554, 0.03325550784221677, 0.07240929576142553, -0.016697581858785043, -0.0042417645815193625, -0.06536635018126787, -0.016366284044210675, -0.31598916649756736], "errors": [0.002324623354074656, 5.899374543444914e-05, 0.24396355887195184, 0.0817398175204006, 0.04008168702622384, 0.030630188563141272, 0.02810024247151768, 0.026886354551838493, 0.02886730463436019, 0.02842807562556326, 0.03039624238885919, 0.032083886853992466, 0.032531879761537624, 0.03270284500625515, 0.03688447979159092, 0.03982136819559729, 0.04406983085469766, 0.05493085198573666, 0.07011931420462043, 0.07987545520528791, 0.10016590010766759], "hess_inv": null, "errorsdef": 1.0, "covariance": [[5.403873738309303e-06, -1.172744122974336e-08, 5.3757619219031045e-06, 5.610873505260074e-06, 3.924552349460445e-06, 3.5044148765832805e-06, 2.616978094717851e-06, 2.2367256174178957e-06, 2.075248716161326e-06, 1.8742636759934985e-06, 1.7984133175185552e-06, 1.5346136105704669e-06, 1.3700777879342276e-06, 1.4619595097703745e-06, 1.1422146052999672e-06, 1.2307967730395664e-06, 1.7981017587885284e-06, 2.273554028624045e-06, 2.6710015479332386e-06, 2.0215030855189404e-06, 1.2671080488431967e-05], [-1.172744122974336e-08, 3.480262000384589e-09, -1.2242312291452712e-06, -3.2335094984576186e-07, -2.0036157780861008e-07, -1.2876018827836509e-07, -5.782305463187816e-08, -3.664821496405259e-09, 3.603070872637665e-08, 4.6849049146035644e-08, 8.791557362796663e-08, 8.673038799926128e-08, 7.573419013983849e-08, 8.470879592998153e-08, 9.768266513531606e-08, 1.0244033128565439e-07, 5.291413741279613e-08, 2.3349457879502877e-07, 5.614001809701337e-08, 1.6269127516993787e-07, -3.62848367348629e-07], [5.3757619219031045e-06, -1.2242312291452712e-06, 0.05951821805746831, -0.0127450482983359, 0.00636673918407639, -0.0017281703692389116, 0.0013889274369255984, -0.00017917235231243274, -0.000162124923962769, 0.00014204989532549565, -0.0005135957955671023, 0.0002611875610997129, 8.949988867589125e-05, -6.844975459596065e-05, 1.2618023633913125e-05, 0.0004800668117056692, 0.0006633070061345642, -0.0004704119440279984, 0.0026607066871731054, 0.0030677504403868964, 0.006583403601868687], [5.610873505260074e-06, -3.2335094984576186e-07, -0.0127450482983359, 0.00668139776826839, -0.0009166242479435893, 0.0016137080783648276, 0.00021271857235459574, 0.0005247475742798326, 0.0003482624537133619, 0.00026864067338398616, 0.0002871069215955939, 0.00017984594480950487, 0.00025621348812331394, 0.0002864950771043491, 0.0002154687196791034, 0.00018117158291664, 0.0003700698554293104, 0.00021487790608639668, 0.0001426996286108654, -1.0841712363110984e-05, -2.1581893312031317e-05], [3.924552349460445e-06, -2.0036157780861008e-07, 0.00636673918407639, -0.0009166242479435893, 0.0016065416348681606, 0.00019310453892549628, 0.0006520425382042411, 0.0003540390386228533, 0.00037550371189605053, 0.00034174460073573665, 0.0003068522291313875, 0.0003140214133893961, 0.0003419683080351404, 0.00033416635629510773, 0.000305351524625804, 0.0003062970157778641, 0.00045536590473313227, 0.0002597509879721537, 0.00046504774422736215, 0.00037148884751277313, 0.0006657261168777516], [3.5044148765832805e-06, -1.2876018827836509e-07, -0.0017281703692389116, 0.0016137080783648276, 0.00019310453892549628, 0.0009382084514135904, 0.00032286229103148617, 0.00045808678584144955, 0.00039613635480758035, 0.00036707291049921045, 0.0003708967637653795, 0.0003409644808474629, 0.0003749604274420676, 0.00036675966349327646, 0.00034657428046447835, 0.00031708547043249373, 0.00045032159211985526, 0.00032960767291761886, 0.0003718744768806263, 0.0002578693671031975, 0.0003938601228802662], [2.616978094717851e-06, -5.782305463187816e-08, 0.0013889274369255984, 0.00021271857235459574, 0.0006520425382042411, 0.00032286229103148617, 0.0007896236269580861, 0.0003279041013141919, 0.0004644114780873861, 0.00039719023740204367, 0.00041825940064982417, 0.0004000171310534421, 0.00042713835398021203, 0.0004109238930440103, 0.0004050630005833238, 0.0003767480124574784, 0.0004966901656720995, 0.0004026176035198832, 0.00045630210840435755, 0.0003559543250542895, 0.000523203005648316], [2.2367256174178957e-06, -3.664821496405259e-09, -0.00017917235231243274, 0.0005247475742798326, 0.0003540390386228533, 0.00045808678584144955, 0.0003279041013141919, 0.0007228760610871665, 0.00033260517603390927, 0.0004451130989686193, 0.0004197637812981381, 0.0004234313506601585, 0.00044250214960147124, 0.00042833331696194316, 0.00043166904351983994, 0.0004047398858363228, 0.0005056702469642344, 0.00046502573532847355, 0.00047950088195716225, 0.0003983367072978546, 0.0005415896914042279], [2.075248716161326e-06, 3.603070872637665e-08, -0.000162124923962769, 0.0003482624537133619, 0.00037550371189605053, 0.00039613635480758035, 0.0004644114780873861, 0.00033260517603390927, 0.0008333212768529533, 0.0003299996009414117, 0.0005274754661220908, 0.00045360944251448176, 0.0004950482583937965, 0.0004781520005048507, 0.0004901823408305047, 0.00045821858368063663, 0.0005528464555926293, 0.0005632418393636671, 0.0005219186004241901, 0.0004481447283494082, 0.0005618439108308048], [1.8742636759934985e-06, 4.6849049146035644e-08, 0.00014204989532549565, 0.00026864067338398616, 0.00034174460073573665, 0.00036707291049921045, 0.00039719023740204367, 0.0004451130989686193, 0.0003299996009414117, 0.000808155483772744, 0.0003413298916375855, 0.0005162313700478813, 0.00048385756482798346, 0.00048235717919685775, 0.0004961346228159111, 0.0004921833641482685, 0.0005753962532658268, 0.0005846274214955711, 0.0006443546035520955, 0.0006079697601915362, 0.0008474056389810517], [1.7984133175185552e-06, 8.791557362796663e-08, -0.0005135957955671023, 0.0002871069215955939, 0.0003068522291313875, 0.0003708967637653795, 0.00041825940064982417, 0.0004197637812981381, 0.0005274754661220908, 0.0003413298916375855, 0.0009239315513622802, 0.0003787388629637219, 0.0005679461574783589, 0.0005120343883987188, 0.0005496066704851833, 0.0005218085219664551, 0.0006006157093625068, 0.0006897933618026917, 0.0006038831716945865, 0.0005638490852368544, 0.0006743631834402002], [1.5346136105704669e-06, 8.673038799926128e-08, 0.0002611875610997129, 0.00017984594480950487, 0.0003140214133893961, 0.0003409644808474629, 0.0004000171310534421, 0.0004234313506601585, 0.00045360944251448176, 0.0005162313700478813, 0.0003787388629637219, 0.0010293757956597908, 0.0004246840328614481, 0.0006032042870184753, 0.0005707160846202201, 0.0006196821225638042, 0.0006808681204523343, 0.0007601394891187218, 0.0008777729870044087, 0.000904616332803455, 0.0012778424197888191], [1.3700777879342276e-06, 7.573419013983849e-08, 8.949988867589125e-05, 0.00025621348812331394, 0.0003419683080351404, 0.0003749604274420676, 0.00042713835398021203, 0.00044250214960147124, 0.0004950482583937965, 0.00048385756482798346, 0.0005679461574783589, 0.0004246840328614481, 0.0010583232008191412, 0.000415047092207729, 0.0006610288630418123, 0.0006069680412399788, 0.000704133427095526, 0.0007876195622376663, 0.0008575294341759349, 0.0008711442388787854, 0.0011957380518121533], [1.4619595097703745e-06, 8.470879592998153e-08, -6.844975459596065e-05, 0.0002864950771043491, 0.00033416635629510773, 0.00036675966349327646, 0.0004109238930440103, 0.00042833331696194316, 0.0004781520005048507, 0.00048235717919685775, 0.0005120343883987188, 0.0006032042870184753, 0.000415047092207729, 0.0010694760715031473, 0.00044481150757223336, 0.0006856364449701526, 0.0006839335066691993, 0.0008375156679778087, 0.0008651184805574367, 0.0009023739994471775, 